persoonskenmerken,bevolking 12 jaar of ouder,geregistreerd in donorregister,toestemming zonder donatiebeperkingen,toestemming met donatiebeperkingen,geen toestemming,nabestaanden beslissen,aangewezen persoon beslist,niet geregistreerd in donorregister
,x 1 000,x 1 000,x 1 000,x 1 000,x 1 000,x 1 000,x 1 000,x 1 000
totale bevolking van 12 jaar en ouder,14898,6058,2889,751,1708,608,101,8840
geslacht: mannen,7356,2748,1356,255,804,287,46,4608
geslacht: vrouwen,7542,3310,1533,496,904,322,55,4232
leeftijd: 12 tot 18 jaar,1224,19,10,4,4,1,0,1205
leeftijd: 18 tot 20 jaar,413,76,37,18,16,4,0,337
leeftijd: 20 tot 30 jaar,2155,805,353,191,191,64,6,1350
leeftijd: 30 tot 40 jaar,2049,930,392,170,253,101,13,1119
leeftijd: 40 tot 50 jaar,2356,1114,551,143,269,123,28,1242
leeftijd: 50 tot 60 jaar,2473,1205,638,107,302,128,29,1268
leeftijd: 60 tot 70 jaar,2084,1014,520,69,297,111,17,1070
leeftijd: 70 tot 80 jaar,1380,587,277,34,214,55,6,793
leeftijd: 80 jaar of ouder,764,309,110,14,162,21,2,455
herkomst: autochtoon,11606,5285,2622,677,1350,546,90,6321	
herkomst: allochtoon,3291,773,266,74,358,62,11,2519
herkomst: turkije,340,47,4,2,38,2,0,293
herkomst: marokko,307,60,1,1,57,1,0,248
herkomst: suriname,312,67,13,7,42,5,1,245
herkomst: nederlandse antillen of aruba,127,25,8,4,10,2,0,102
herkomst: niet-westerse allochtoon,1786,299,53,24,201,18,3,1487
herkomst: westerse allochtoon,1506,474,214,51,157,44,8,1032
"herkomst: allochtoon, 1e generatie",1917,335,92,24,191,24,5,1582
"herkomst: allochtoon, 2e generatie",1375,438,175,51,167,39,7,937
